avgAnnCount,avgDeathsPerYear,incidenceRate,medIncome,popEst2015,povertyPercent,studyPerCap,binnedInc,MedianAge,MedianAgeMale,MedianAgeFemale,Geography,AvgHouseholdSize,PercentMarried,PctNoHS18_24,PctHS18_24,PctSomeCol18_24,PctBachDeg18_24,PctHS25_Over,PctBachDeg25_Over,PctEmployed16_Over,PctUnemployed16_Over,PctPrivateCoverage,PctPrivateCoverageAlone,PctEmpPrivCoverage,PctPublicCoverage,PctPublicCoverageAlone,PctWhite,PctBlack,PctAsian,PctOtherRace,PctMarriedHouseholds,BirthRate
1397,469,489.8,61898,260131,11.2,499.7482038,"(61494.5, 125635]",39.3,36.9,41.7,"Kitsap County, Washington",2.54,52.5,11.5,39.5,42.1,6.9,23.2,19.6,51.9,8,75.1,,41.6,32.9,14,81.78052858,2.594728333,4.821857102,1.843478533,52.85607588,6.118831029
173,70,411.6,48127,43269,18.6,23.11123437,"(48021.6, 51046.4]",33,32.2,33.7,"Kittitas County, Washington",2.34,44.5,6.1,22.4,64,7.5,26,22.7,55.9,7.8,70.2,53.8,43.6,31.1,15.3,89.22850915,0.969102455,2.246232585,3.741351531,45.37250044,4.333095578
102,50,349.7,49348,21026,14.6,47.56016361,"(48021.6, 51046.4]",45,44,45.8,"Klickitat County, Washington",2.62,54.2,24,36.6,,9.5,29,16,45.9,7,63.7,43.5,34.9,42.1,21.1,90.9221902,0.739673391,0.465898175,2.747358309,54.44486837,3.729487817
427,202,430.4,44243,75882,17.1,342.6372526,"(42724.4, 45201]",42.8,42.2,43.4,"Lewis County, Washington",2.52,52.7,20.2,41.2,36.1,2.5,31.6,9.3,48.3,12.1,58.4,40.3,35,45.3,25,91.74468649,0.782625968,1.16135867,1.362643183,51.02151448,4.603840773
57,26,350.1,49955,10321,12.5,0,"(48021.6, 51046.4]",48.3,47.8,48.9,"Lincoln County, Washington",2.34,57.8,14.9,43,40,2,33.4,15,48.2,4.8,61.6,43.9,35.1,44,22.7,94.10402393,0.270192029,0.665830358,0.492135482,54.02745995,6.796657382